i,lat,lon,name
1431,43.226551,-79.6869442,Mid West Coast Canada Inc
1431,34.7023389,-82.4645714,Piedmont
1431,56.49067119999999,-4.2026458,Scotland
1431,55.378051,-3.435973,United Kingdom
1431,-34.9284989,138.6007456,Adelaide
1431,43.1938516,-71.5723953,New Hampshire
1431,37.09024,-95.712891,United States
1431,51.6858341,-3.3821421,South Wales
1431,53.235048,-1.421629,Chesterfield
1431,36.1626638,-86.7816016,Nashville
1431,40.7127753,-74.0059728,New York
1431,37.177339,-3.5986917,Babylon Systems Sl
1431,51.483707,-3.1680962,Cardiff
1431,51.515649,-0.134586,Oxford House College
1431,25.40091,88.53236059999999,Gangarampur
1431,30.375321,69.34511599999999,Pakistan
1431,28.274347,-82.38857829999999,Tampa-St. Petersburg Metropolitan Area
1431,53.778625,-1.2454,God's Own Spirit
1431,44.3148443,-85.60236429999999,Michigan
1431,51.5072178,-0.1275862,London
1431,51.4401814,0.2692183,DA9 9SE
1431,55.9496024,-3.1092874,Portobello
1431,53.8007554,-1.5490774,Leeds
1431,51.5072178,-0.1275862,London
1431,40.422582,-3.7112787,Tamarindo Express Madrid
1431,40.3301898,-111.9044877,Saratoga Springs
1431,51.483707,-3.1680962,Cardiff
1431,55.378051,-3.435973,United Kingdom
1431,40.0792766,-75.3015714,Conshohocken
1431,37.36883,-122.0363496,Sunnyvale
1431,34.0522342,-118.2436849,Los Angeles
1431,27.2730492,-80.3582261,Port St. Lucie
1431,50.8476424,4.3571696,Brussels
1431,43.8975446,-78.94293290000002,Whitby
1431,55.378051,-3.435973,United Kingdom
1431,55.864237,-4.251806,Glasgow
1431,55.378051,-3.435973,United Kingdom
1431,38.4192496,-82.44515400000002,Huntington
1431,51.153432,-2.4704086,South West
1431,31.9685988,-99.9018131,Texas
1431,40.7127753,-74.0059728,New York
1431,52.6292567,1.2978802,Norwich
1431,37.09024,-95.712891,United States
1431,,,
1431,39.768403,-86.158068,Indianapolis
1431,39.074208,21.824312,Greece
1431,52.1306607,-3.7837117,Wales
1431,49.4481808,-2.5894685,Guernsey
1431,30.267153,-97.7430608,Austin
1431,30.267153,-97.7430608,Austin
1431,38.4978994,-77.2105349,Doncaster
1431,38.9527209,-77.44777409999999,Air Canada
1431,53.193392,-2.893075,Chester
1431,30.267153,-97.7430608,Austin
1431,39.1928843,-77.02636679999999,Brighton
1431,34.0522342,-118.2436849,Los Angeles
1431,50.8476424,4.3571696,Brussels
1431,39.0975233,-77.3834219,St Paul Community Church
1431,34.9592083,-116.419389,Southern California
1431,29.7857765,-95.8245093,Katy
1431,40.7127753,-74.0059728,New York
1431,47.5762829,-122.2969701,The Original Philly's
1431,53.63401649999999,-8.181945899999999,Roscommon
1431,37.09024,-95.712891,United States
1431,32.3512601,-95.30106239999999,Tyler
1431,,,
1431,19.0759837,72.8776559,Mumbai
1431,30.2979667,-97.7471444,Musashino Sushi Dokoro
1431,52.4226503,10.7865461,Wolfsburg
1431,40.7127753,-74.0059728,New York
1431,55.378051,-3.435973,United Kingdom
1431,-27.4704528,153.0260341,Brisbane
1431,,,
1431,38.9071923,-77.0368707,Washington
1431,37.7749295,-122.4194155,San Francisco
1431,28.6139391,77.2090212,New Delhi
1431,51.5072178,-0.1275862,London
1431,20.593684,78.96288,India
1431,42.3735328,-83.5090381,Plymouth Charter Twp
1431,41.4517093,-82.03542250000001,Avon
1431,,,
1431,53.38112899999999,-1.470085,Sheffield
1431,39.8027644,-105.0874842,Arvada
1431,38.9784492,-76.4945122,EVERYWHERE Communications
1431,-8.4095178,115.188916,Bali
1431,39.80782019999999,-86.17804339999999,North Indianapolis
1431,11.1271225,78.6568942,Tamil Nadu
1431,31.1499528,-81.49148939999999,Brunswick
1431,48.8499198,2.6370411,Île-de-France
1431,25.2048493,55.2707828,Dubai
1431,30.0444196,31.2357116,Cairo
1431,,,
1431,54.108967,-3.218894,Barrow-in-Furness
1431,38.2526647,-85.7584557,Louisville
1431,44.4267674,26.1025384,Bucharest
1431,31.9685988,-99.9018131,Texas
1431,,,
1431,38.8329812,-77.30825569999999,Unknown Department
1431,37.09024,-95.712891,United States
1431,52.3555177,-1.1743197,England
1431,40.0583238,-74.4056612,New Jersey
1431,9.4616683,-70.4684312,Distribuidora La Grande
1431,51.454513,-2.58791,Bristol
1431,21.0277644,105.8341598,Hanoi
1431,55.378051,-3.435973,United Kingdom
1431,22.3193039,114.1693611,Hong Kong
1431,41.18454149999999,-73.1331651,Stratford
1431,32.7832412,-96.60122679999999,Mesquite Chiropractic & Injury
1431,,,
1431,52.1116462,-2.32607,Great Malvern
1431,20.593684,78.96288,India
1431,40.7127753,-74.0059728,New York
1431,40.7830603,-73.9712488,Manhattan
1431,42.9849233,-81.2452768,London
1431,40.109818,-76.50329959999999,Mount Joy
1431,13.0826802,80.2707184,Chennai
1431,38.90629089999999,-77.071426,SoFlo SAT Tutoring
1431,53.9590858,-1.0792403,Yorkshire
1431,22.572646,88.36389500000001,Kolkata
1431,-33.8688197,151.2092955,Sydney
1431,,,
1431,38.8026097,-116.419389,Nevada
1431,,,
1431,32.57307249999999,74.10050439999999,Gujrat
1431,36.9033581,-104.4391532,Raton
1431,31.9685988,-99.9018131,Texas
1431,30.267153,-97.7430608,Austin
1431,34.0522342,-118.2436849,Los Angeles
1431,31.768319,35.21371,Jerusalem
1431,41.336761,-74.5398821,Westtown
1431,39.0457549,-76.64127119999999,Maryland
1431,52.2296756,21.0122287,Warsaw
1431,40.7830603,-73.9712488,Manhattan
1431,39.5500507,-105.7820674,Colorado
1431,15.1490736,76.9102101,Ballari Fort
1431,32.715738,-117.1610838,San Diego
1431,36.1626638,-86.7816016,Nashville
1431,39.97758899999999,-105.1347792,Louisville United Methodist Church
1431,,,
1431,33.748752,-84.38768449999999,Atlanta
1431,35.7090259,139.7319925,Tokyo 23 wards
1431,20.593684,78.96288,India
1431,25.7616798,-80.1917902,Miami
1431,13.0747356,77.5376929,Singapura
1431,33.5801103,-85.0766113,Carrollton
1431,30.267153,-97.7430608,Austin
1431,40.7127753,-74.0059728,New York
1431,42.974536,-82.4065901,Sarnia
1431,51.483707,-3.1680962,Cardiff
1431,-33.9248685,18.4240553,Cape Town
1431,53.7937996,-1.7563583,Bradford
1431,33.748752,-84.38768449999999,Atlanta
1431,50.799468,-3.188683,Honiton
1431,55.378051,-3.435973,United Kingdom
1431,35.2219971,-101.8312969,Amarillo
1431,52.3555177,-1.1743197,England
1431,18.5204303,73.8567437,Pune
1431,50.77721349999999,-3.999461,South West England
1431,51.80978229999999,-0.2376744,Hertfordshire
1431,,,
1431,51.483707,-3.1680962,Cardiff
1431,-27.4704528,153.0260341,Brisbane
1431,6.3702928,2.3912362,Cotonou
1431,41.6578257,-91.53461689999999,Iowa City
1431,42.4072107,-71.3824374,Massachusetts
1431,51.5072178,-0.1275862,London
1431,25.2048493,55.2707828,Dubai
1431,37.7749295,-122.4194155,San Francisco
1431,40.2440657,-76.8081716,Leeds Ltd Restaurant and Bar
1431,24.453884,54.3773438,Abu Dhabi
1431,51.8985143,-8.4756035,Cork
1431,39.1031182,-84.5120196,Cincinnati
1431,,,
1431,28.6139391,77.2090212,New Delhi
1431,38.88233400000001,-77.1710914,Falls Church
1431,4.710988599999999,-74.072092,Bogotá
1431,39.9525839,-75.1652215,Philadelphia
1431,24.7135517,46.6752957,Riyadh
1431,,,
1431,41.8781136,-87.6297982,Chicago
1431,40.7134175,-73.8532376,Sasson Construction LLC - Leaders in Quality Construction | Flushing NY
1431,52.48624299999999,-1.890401,Birmingham
1431,51.825366,-3.019423,Abergavenny
1431,20.593684,78.96288,India
1431,40.7491101,-73.98468919999999,Main Street USA
1431,34.0522342,-118.2436849,Los Angeles
1431,39.9525839,-75.1652215,Philadelphia
1431,42.5458473,-71.6413314,3 Keady Way
1431,39.2903848,-76.6121893,Baltimore
1431,40.6650708,-73.8969082,Sakinah Austin
1431,39.9525839,-75.1652215,Philadelphia
1431,23.810332,90.4125181,Dhaka
1431,13.7743517,109.2353847,"Quy Nhơn, Bình Định"
1431,22.3193039,114.1693611,Hong Kong
1431,52.3555177,-1.1743197,England
1431,52.6368778,-1.1397592,Leicester
1431,41.2565369,-95.9345034,Omaha
1431,32.912624,-96.63888329999999,Garland
1431,44.4267674,26.1025384,Bucharest
1431,39.3744515,-76.5092744,Gotham City Wholesale
1431,,,
1431,30.267153,-97.7430608,Austin
1431,39.5500507,-105.7820674,Colorado
1431,37.577427,43.736782,Hakkâri
1431,39.02208479999999,-77.4215175,The Reinforced Earth Company
1431,33.5570691,35.372948,Sidon
1431,12.9715987,77.5945627,Bengaluru
1431,20.593684,78.96288,India
1431,40.44062479999999,-79.9958864,Pittsburgh
1431,38.9784492,-76.4945122,EVERYWHERE Communications
1431,41.74340919999999,-92.7232456,Grinnell
1431,-25.274398,133.775136,Australia
1431,51.3781018,-2.3596827,Bath
1431,26.8466937,80.94616599999999,Lucknow
1431,39.6136578,-86.10665259999999,Greenwood
1431,-38.0054771,-57.5426106,Mar del Plata
1431,,,
1431,38.8847356,-77.0168015,Manna
1431,20.593684,78.96288,India
1431,38.845807,-77.30554099999999,Ground Gaia
1431,33.7096749,-84.40456809999999,Atlanta Metropolitan State College
1431,,,
1431,31.9685988,-99.9018131,Texas
1431,,,
1431,55.378051,-3.435973,United Kingdom
1431,,,
1431,20.593684,78.96288,India
1431,37.09024,-95.712891,United States
1431,51.5072178,-0.1275862,London
1431,30.267153,-97.7430608,Austin
1431,50.8229402,-0.1362672,Brighton
1431,38.5815719,-121.4943996,Sacramento
1431,34.0522342,-118.2436849,Los Angeles
1431,38.0405837,-84.5037164,Lexington
1431,-35.4459303,138.3172911,Normanville
1431,30.267153,-97.7430608,Austin
1431,30.5701906,-97.4097331,Taylor
1431,20.593684,78.96288,India
1431,-23.5557714,-46.6395571,São Paulo
1431,39.5500507,-105.7820674,Colorado
1431,50.915062,-1.0016844,Horndean
1431,39.02208479999999,-77.4215175,The Reinforced Earth Company
1431,38.3242916,-76.5168989,Middle Earth
1431,29.4251905,-98.4945922,San Antonio
1431,,,
1431,51.5072178,-0.1275862,London
1431,38.8757619,-77.00614,SOMEWHERE
1431,30.267153,-97.7430608,Austin
1431,30.267153,-97.7430608,Austin
1431,53.84986989999999,-3.0520738,Easterleigh Animal Sanctuary head office
1431,30.267153,-97.7430608,Austin
1431,30.267153,-97.7430608,Austin
1431,39.1081463,-77.552717,Newcastle Consulting
1431,30.267153,-97.7430608,Austin
1431,51.7355868,0.4685497,Chelmsford
1431,38.8757619,-77.00614,SOMEWHERE
1431,53.8007554,-1.5490774,Leeds
1431,34.756104,-92.2677497,North Little Rock
1431,40.4167754,-3.7037902,Madrid
1431,55.864237,-4.251806,Glasgow
1431,39.156007,-77.22212979999999,"Jean Ru-Jen Hou, M.D. | Kaiser Permanente"
1431,40.7127753,-74.0059728,New York
1431,55.378051,-3.435973,United Kingdom
1431,19.0759837,72.8776559,Mumbai
1431,53.8007554,-1.5490774,Leeds
1431,42.296797,-71.29238769999999,Wellesley
1431,38.9527209,-77.44777409999999,Air Canada
1431,,,
1431,19.0759837,72.8776559,Mumbai
1431,31.9685988,-99.9018131,Texas
1431,17.6868159,83.2184815,Visakhapatnam
1431,38.9784453,-76.4921829,Annapolis
1431,31.1499528,-81.49148939999999,Brunswick
1431,,,
1431,30.267153,-97.7430608,Austin
1431,,,
1431,19.0759837,72.8776559,Mumbai
1431,,,
1431,40.7127753,-74.0059728,New York
1431,42.3600825,-71.0588801,Boston
1431,30.0444196,31.2357116,Cairo
1431,34.0522342,-118.2436849,Los Angeles
1431,51.5132537,-0.3043136,Ealing
1431,36.3645384,-95.83887659999999,Collinsville
1431,53.0452281,-0.3982145,East Midlands
1431,39.0997265,-94.5785667,Kansas City
1431,37.9577016,-121.2907796,Stockton
1431,47.0378741,-122.9006951,Olympia
1431,40.4172871,-82.90712300000001,Ohio
1431,36.1527249,-80.3622436,Pfafftown
1431,30.267153,-97.7430608,Austin
1431,34.047863,100.6196553,Asia
1431,53.342078,-2.729673,Runcorn
1431,50.26604709999999,-5.0527125,Cornwall
1431,51.5072178,-0.1275862,London
1431,52.772571,-1.2052126,Leicestershire
1431,47.6183507,-65.6513358,Bathurst
1431,55.2082542,-2.0784138,Northumberland
1431,57.70887,11.97456,Gothenburg
1431,25.5940947,85.1375645,Patna
1431,51.5072178,-0.1275862,London
1431,20.593684,78.96288,India
1431,30.045915,31.2242898,Cairo Tower
1431,37.09024,-95.712891,United States
1431,55.378051,-3.435973,United Kingdom
1431,37.09024,-95.712891,United States
1431,48.379433,31.1655799,Ukraine
1431,40.7127753,-74.0059728,New York
1431,55.623728,-2.814449,Galashiels
1431,56.130366,-106.346771,Canada
1431,53.9628495,-2.0162787,Skipton
1431,51.5072178,-0.1275862,London
1431,55.378051,-3.435973,United Kingdom
1431,53.9915028,-1.5412015,North Yorkshire
1431,51.483707,-3.1680962,Cardiff
1431,51.454513,-2.58791,Bristol
1431,,,
1431,29.95106579999999,-90.0715323,New Orleans
1431,37.8043514,-122.2711639,Oakland
1431,52.2671353,-1.4675216,Warwickshire
1431,8.8932118,76.6141396,Kollam
1431,37.09024,-95.712891,United States
1431,32.353086,-90.15352639999999,4465 I-55
1431,51.80978229999999,-0.2376744,Hertfordshire
1431,39.83816909999999,-75.1526774,Woodbury
1431,15.870032,100.992541,Thailand
1431,,,
1431,53.38112899999999,-1.470085,Sheffield
1431,42.08015899999999,-87.69131399999999,Michigan Shores Club
1431,44.3148443,-85.60236429999999,Michigan
1431,37.09024,-95.712891,United States
1431,51.801738,-3.705678,Abercraf
1431,,,
1431,6.5243793,3.3792057,Lagos
1431,51.67078,-1.2879529,Abingdon
1431,55.864237,-4.251806,Glasgow
1431,51.5072178,-0.1275862,London
1431,52.70730289999999,-2.7553268,Shrewsbury
1431,-26.2041028,28.0473051,Johannesburg
1431,,,
1431,37.09024,-95.712891,United States
1431,55.378051,-3.435973,United Kingdom
1431,40.4681409,-76.9319198,Halifax
1431,40.7219038,-73.990265,SOMMWHERE
1431,59.9138688,10.7522454,Oslo
1431,37.09024,-95.712891,United States
1431,40.5748067,-76.98914529999999,Liverpool
1431,38.9204258,-77.04167149999999,Club Heaven
1431,10.8230989,106.6296638,Ho Chi Minh City
1431,20.593684,78.96288,India
1431,35.7595731,-79.01929969999999,North Carolina
1431,,,
1431,40.7127753,-74.0059728,New York
1431,53.3498053,-6.2603097,Dublin
1431,52.3555177,-1.1743197,England
1431,20.593684,78.96288,India
1431,40.7127753,-74.0059728,New York
1431,41.58746439999999,-109.2029043,Rock Springs
1431,37.4315734,-78.6568942,Virginia
1431,33.1506744,-96.82361159999999,Frisco
1431,37.8271784,-122.2913078,San Francisco Bay Area
1431,,,
1431,28.5383832,-81.3789269,Orlando
1431,38.9255794,-77.0677405,Embassy of Nepal
1431,24.8607343,67.0011364,Karachi
1431,40.82139249999999,-77.0547249,Star Hollow Candle Co
1431,,,
1431,43.653226,-79.3831843,Toronto
1431,32.912624,-96.63888329999999,Garland
1431,,,
1431,38.9071923,-77.0368707,Washington
1431,53.9062233,-1.0333573,Yorkshire and the Humber
1431,53.3900441,-2.5969501,Warrington
1431,51.5072178,-0.1275862,London
1431,40.7985699,-74.23908279999999,West Orange
1431,38.9071923,-77.0368707,Washington
1431,53.47395599999999,-2.582859,Lowton
1431,38.6700329,-77.233063,Colchester
1431,9.748916999999999,-83.753428,Costa Rica
1431,53.013208,-2.2273002,Newcastle-under-Lyme
1431,,,
1431,51.1278758,1.3134027,Dover
1431,38.9071923,-77.0368707,Washington
1431,36.1626638,-86.7816016,Nashville
1431,,,
1431,,,
1431,53.9332706,-116.5765035,Alberta
1431,55.378051,-3.435973,United Kingdom
1431,51.253775,-85.323214,Ontario
1431,49.2827291,-123.1207375,Vancouver
1431,54.978252,-1.61778,Newcastle upon Tyne
1431,39.4699075,-0.3762881,Valencia
1431,30.267153,-97.7430608,Austin
1431,25.2048493,55.2707828,Dubai
1431,50.8476424,4.3571696,Brussels
1431,43.0045288,-71.348398,Auburn
1431,51.44621,0.216872,Dartford
1431,52.056736,1.14822,Ipswich
1431,35.418406,139.629589,Shimocho
1431,0.3475964,32.5825197,Kampala
1431,38.9677531,-77.4910355,Global Co
1431,42.2173102,-73.8645734,Catskill
1431,5.7405372,-0.1618812,Earth C137
1431,37.09024,-95.712891,United States
1431,52.1372719,-8.281225599999999,Fermoy
1431,41.5236437,-90.5776367,Davenport
1431,38.9071923,-77.0368707,Washington
1431,,,
1431,43.653226,-79.3831843,Toronto
1431,,,
1431,40.7250986,-73.2453946,Bay Shore
1431,-32.0859499,115.7764645,Hamilton Hill
1431,-15.3875259,28.3228165,Lusaka
1431,34.0194543,-118.4911912,Santa Monica
1431,43.653226,-79.3831843,Toronto
1431,33.6594835,-117.9988026,Huntington Beach
1431,35.8895049,-78.67800489999999,RTP Federal Credit Union
1431,51.5072178,-0.1275862,London
1431,42.3600825,-71.0588801,Boston
1431,41.5681478,-87.6749782,Western Ave
1431,34.0489281,-111.0937311,Arizona
1431,33.836081,-81.1637245,South Carolina
1431,39.061988,-88.74811079999999,Altamont
1431,44.3008813,-79.6114973,Innisfil
1431,45.4408474,12.3155151,Venice
1431,51.8894094,6.4912906,De Heurne
1431,27.8005828,-97.39638099999999,Corpus Christi
1431,40.4172871,-82.90712300000001,Ohio
1431,,,
1431,37.09024,-95.712891,United States
1431,46.3091152,-79.4608204,North Bay
1431,50.0755381,14.4378005,Prague
1431,,,
1431,,,
1431,40.7830603,-73.9712488,Manhattan
1431,41.3307692,-73.1007977,307 Hawthorne Ave
1431,34.0489281,-111.0937311,Arizona
1431,57.5789555,18.7298088,Gothem
1431,55.953252,-3.188267,Edinburgh
1431,38.2120144,-85.2235666,Shelbyville
1431,-25.274398,133.775136,Australia
1431,39.4247314,-76.8113147,Midwest Railcar Corporation
1431,39.7392358,-104.990251,Denver
1431,37.09024,-95.712891,United States
1431,38.6694357,-121.2275802,Fairvale Park
1431,33.7748275,-84.2963123,Decatur
1431,40.6331249,-89.3985283,Illinois
1431,19.4326077,-99.133208,Mexico City
1431,33.1398034,-96.1072021,Greenville
1431,,,
1431,40.6331249,-89.3985283,Illinois
1431,26.3343533,127.8056058,Okinawa
1431,35.9250637,-86.8688899,Franklin
1431,47.6062095,-122.3320708,Seattle
1431,33.7879139,-117.8531007,Orange
1431,39.9625984,-76.727745,York
1431,,,
1431,-25.274398,133.775136,Australia
1431,30.4514677,-91.18714659999999,Baton Rouge
1431,,,
1431,13.6929403,-89.2181911,San Salvador
1431,39.0177834,-94.61690139999999,Mission Hills
1431,39.41426879999999,-77.4105409,Frederick
1431,38.9189483,-77.0644514,New Zealand Trade and Enterprise
1431,,,
1431,33.5588821,133.5312383,Kochi
1431,32.7766642,-96.79698789999999,Dallas
1431,31.9685988,-99.9018131,Texas
1431,,,
1431,-37.555116,143.8544313,Wadawurrung Traditional Owners Aboriginal Corporation
1431,33.748752,-84.38768449999999,Atlanta
1431,34.0736204,-118.4003563,Beverly Hills
1431,47.218371,-1.553621,Nantes
1431,36.8968908,30.7133233,Antalya
1431,,,
1431,-23.698042,133.8807471,Alice Springs
1431,37.09024,-95.712891,United States
1431,39.3282931,-76.76419539999999,Forever Memories by CJ
1431,54.5259614,15.2551187,Europe
1431,51.2111975,-1.4919233,Andover
1431,40.2210267,-76.9438804,Nikoli's Pizza and Catering
1431,35.2270869,-80.8431267,Charlotte
1431,14.5995124,120.9842195,Manila
1431,-37.8136276,144.9630576,Melbourne
1431,39.9599819,116.4606822,Gold Coast Haikuo Real Estate Development Limited Company
1431,25.7616798,-80.1917902,Miami
1431,37.09024,-95.712891,United States
1431,24.0105867,121.5428407,娑婆噹
1431,-33.3824375,151.0704375,Dharug National Park
1431,25.7616798,-80.1917902,Miami
1431,-25.274398,133.775136,Australia
1431,-33.8746258,151.2167043,Gadigal Bangawarra
1431,37.7749295,-122.4194155,San Francisco
1431,,,
1431,-22.9068467,-43.1728965,Rio de Janeiro
1431,43.660327,-79.3535701,No Fixed Address Inc.
1431,39.5709715,-77.73188139999999,Kingdom of Heaven and Prayers Ministries
1431,12.879721,121.774017,Philippines
1431,35.6761919,139.6503106,Tokyo
1431,39.4137149,-76.9227562,Oklahoma
1431,35.108493,-77.04411429999999,New Bern
1431,30.267153,-97.7430608,Austin
1431,,,
1431,-25.274398,133.775136,Australia
1431,6.4926317,3.3489671,Surulere
1431,39.1200418,-88.5433829,Effingham
1431,10.0635758,-67.2847875,Aragua
1431,-22.575197,144.0847926,Queensland
1431,51.165691,10.451526,Germany
1431,38.9071923,-77.0368707,Washington
1431,32.7766642,-96.79698789999999,Dallas
1431,30.267153,-97.7430608,Austin
1431,40.6331249,-89.3985283,Illinois
1431,51.5072178,-0.1275862,London
1431,-37.8136276,144.9630576,Melbourne
1431,,,
1431,-25.274398,133.775136,Australia
1431,25.7616798,-80.1917902,Miami
1431,42.6977082,23.3218675,Sofia
1431,-29.3501969,153.2898323,Bundjalung National Park
1431,31.7772284,-106.5029465,The Palomino Tavern
1431,-35.2823156,149.1241392,NHMRC - National Health and Medical Research Council
1431,-25.274398,133.775136,Australia
1431,41.5236437,-90.5776367,Davenport
1431,31.9685988,-99.9018131,Texas
1431,-25.274398,133.775136,Australia
1431,35.7595731,-79.01929969999999,North Carolina
1431,29.8832749,-97.9413941,San Marcos
1431,38.9071923,-77.0368707,Washington
1431,,,
1431,-37.8187351,144.9742624,Birrarung Marr
1431,37.09024,-95.712891,United States
1431,40.6781784,-73.9441579,Brooklyn
1431,37.09024,-95.712891,United States
1431,,,
1431,-25.274398,133.775136,Australia
1431,35.6940309,139.7537719,Chiyoda City
1431,35.8895049,-78.67800489999999,RTP Federal Credit Union
1431,37.09024,-95.712891,United States
1431,-33.8746258,151.2167043,Gadigal Bangawarra
1431,-30.2748938,153.1337285,The Big Banana Fun Park
1431,-31.9523123,115.861309,Perth
1431,40.6306464,-76.171054,Schuylkill Haven
1431,39.1081463,-77.552717,Newcastle Consulting
1431,30.1345808,-97.6358511,Circuit of the Americas
1431,32.9483335,-96.7298519,Richardson
1431,-35.2801903,149.1310038,Canberra
1431,29.7604267,-95.3698028,Houston
1431,39.9852617,-104.8205283,Brighton
1431,41.8781136,-87.6297982,Chicago
1431,-26.65,153.066667,Sunshine Coast
1431,38.9778882,-77.0074765,Takoma Park
1431,-25.274398,133.775136,Australia
1431,35.5174913,-86.5804473,Tennessee
1431,33.836081,-81.1637245,South Carolina
1431,36.778261,-119.4179324,California
1431,-25.274398,133.775136,Australia
1431,-36.7598008,144.2763231,DJAARA (formerly Dja Dja Wurrung Clans Aboriginal Corporation)
1431,41.49932,-81.6943605,Cleveland
1431,38.9071923,-77.0368707,Washington
1431,-25.274398,133.775136,Australia
1431,41.7426094,-70.1619638,East Dennis
1431,39.609263,-77.730738,LongHorn Steakhouse
1431,-34.924117,138.601694,Sydney City College of Management- Adelaide Campus
1431,43.653226,-79.3831843,Toronto
1431,55.378051,-3.435973,United Kingdom
1431,39.0992752,-76.8483061,Laurel
1431,41.4925374,-99.9018131,Nebraska
1431,35.7795897,-78.6381787,Raleigh
1431,-33.8688197,151.2092955,Sydney
1431,55.010762,-1.449138,North Shields
1431,-27.4704528,153.0260341,Brisbane
1431,40.2475838,-75.24107699999999,World Market
1431,-19.919052,-43.9386685,Belo Horizonte
1431,51.253775,-85.323214,Ontario
1431,-35.2801903,149.1310038,Canberra
1431,40.7127753,-74.0059728,New York
1431,45.515232,-122.6783853,Portland
1431,53.7608608,-98.8138762,Manitoba
1431,,,
1431,37.09024,-95.712891,United States
1431,38.917269,-77.222659,White House Black Market
1431,35.6528323,-97.47809540000002,Edmond
1431,-31.9523123,115.861309,Perth
1431,47.6062095,-122.3320708,Seattle
1431,39.443062,-77.5410945,Quill & Brush
1431,-25.274398,133.775136,Australia
1431,51.5072178,-0.1275862,London
1431,-19.4914108,132.5509603,Northern Territory
1431,56.130366,-106.346771,Canada
1431,36.0798057,-80.0650165,Piedmont Triad Regional Council
1431,39.1774042,-76.6683922,Baltimore/Washington International Thurgood Marshall Airport
1431,,,
1431,27.6648274,-81.5157535,Florida
1431,31.7618778,-106.4850217,El Paso
1431,34.5573549,-92.28634029999999,Arkansas
1431,45.0690706,-81.4138854,Municipality Of Northern Bruce Peninsula
1431,44.7493744,-79.3340482,Washago
1431,55.378051,-3.435973,United Kingdom
1431,31.9685988,-99.9018131,Texas
1431,42.74626079999999,-81.7090168,Municipality Of Southwest Middlesex
1431,39.4137149,-76.9227562,Oklahoma
1431,43.604652,1.444209,Toulouse
1431,40.5472587,-86.5244434,Flora
1431,38.0405837,-84.5037164,Lexington
1431,40.7607793,-111.8910474,Salt Lake City
1431,40.8447819,-73.8648268,Bronx
1431,-12.4637333,130.8444446,Darwin
1431,40.4172871,-82.90712300000001,Ohio
1431,27.950575,-82.4571776,Tampa
1431,20.593684,78.96288,India
1431,56.130366,-106.346771,Canada
1431,39.0152046,-77.49353409999999,In & Out Market
1431,39.5500507,-105.7820674,Colorado
1431,43.653226,-79.3831843,Toronto
1431,,,
1431,39.9625984,-76.727745,York
1431,38.8958561,-77.00978680000001,Fox News
1431,40.7127753,-74.0059728,New York
1431,40.44062479999999,-79.9958864,Pittsburgh
1431,19.8967662,-155.5827818,Hawaii
1431,,,
1431,31.9685988,-99.9018131,Texas
1431,32.1656221,-82.9000751,Georgia
1431,30.2684949,-97.7416066,Here Nor There
1431,39.084611,-76.86174179999999,503 Hair Salon
1431,38.6270025,-90.19940419999999,St. Louis
1431,32.715738,-117.1610838,San Diego
1431,39.3209801,-111.0937311,Utah
1431,37.09024,-95.712891,United States
1431,38.8974978,-77.0311412,Shelly's Back Room
1431,36.7626282,-80.7347947,Hillsville
1431,,,
1431,36.778261,-119.4179324,California
1431,37.09024,-95.712891,United States
1431,57.28687230000001,-2.3815684,Aberdeenshire
1431,35.3732921,-119.0187125,Bakersfield
1431,53.3498053,-6.2603097,Dublin
1431,,,
1431,,,
1431,54.6086878,18.5117966,Mechelinki
1431,39.4040144,-76.58657509999999,B-more
1431,46.5891452,-112.0391057,Helena
1431,49.8437486,-99.95148069999999,Brandon
1431,40.0583238,-74.4056612,New Jersey
1431,40.86931269999999,-73.9156174,Sahara Cafe
1431,11.995199,-61.75976900000001,Twelve Degrees North
1431,,,
1431,39.0677368,-77.4852798,Chipotle Mexican Grill
1431,51.5072178,-0.1275862,London
1431,25.6866142,-100.3161126,Monterrey
1431,38.9071923,-77.0368707,Washington
1431,37.8395028,-122.2892278,Emeryville
1431,36.8516437,-75.97921939999999,Virginia Beach
1431,39.0039696,-77.4323924,Worldwide Goods
1431,37.8271784,-122.2913078,San Francisco Bay Area
1431,29.4372655,-98.4966266,410 San Pedro Ave
1431,59.32932349999999,18.0685808,Stockholm
1431,4.210484,101.975766,Malaysia
1431,51.04473309999999,-114.0718831,Calgary
1431,35.6869752,-105.937799,Santa Fe
1431,23.634501,-102.552784,Mexico
1431,53.41291,-8.24389,Ireland
1431,50.674522,-120.3272675,Kamloops
1431,56.26392,9.501785,Denmark
1431,41.8780025,-93.097702,Iowa
1431,36.2946008,-76.2510461,Elizabeth City
1431,39.2717824,-76.8263314,The Last Place on Earth
1431,,,
1431,36.1539816,-95.99277500000001,Tulsa
1431,,,
1431,43.1938516,-71.5723953,New Hampshire
1431,56.130366,-106.346771,Canada
1431,41.7658043,-72.6733723,Hartford
1431,38.5815719,-121.4943996,Sacramento
1431,30.267153,-97.7430608,Austin
1431,38.9071923,-77.0368707,Washington
1431,30.080174,-94.1265562,Beaumont
1431,,,
1431,41.5638902,-93.75938409999999,West Des Moines
1431,45.4642035,9.189982,Milan
1431,37.8271784,-122.2913078,San Francisco Bay Area
1431,44.8125449,20.4612299,Belgrade
1431,38.9108493,-77.0368008,Kurdistan Regional Government Representation in the United States
1431,53.5460983,-113.4937266,Edmonton
1431,33.660229,-78.97258699999999,Base One Yavin 4
1431,30.3321838,-81.65565099999999,Jacksonville
1431,,,
1431,,,
1431,44.3148443,-85.60236429999999,Michigan
1431,37.09024,-95.712891,United States
1431,,,
1431,31.9685988,-99.9018131,Texas
1431,43.0717552,-70.7625532,Portsmouth
1431,36.0726354,-79.7919754,Greensboro
1431,,,
1431,7.946527,-1.023194,Ghana
1431,,,
1431,30.066753,79.01929969999999,Uttarakhand
1431,30.375321,69.34511599999999,Pakistan
1431,42.5750554,-8.1338558,Galicia
1431,40.5327918,-74.3318233,Earth Sun Universe Reiki
1431,40.1784422,-75.1285061,Horsham
1431,37.09024,-95.712891,United States
1431,38.8375215,-120.8958242,Northern California
1431,55.864237,-4.251806,Glasgow
1431,47.2528768,-122.4442906,Tacoma
1431,56.130366,-106.346771,Canada
1431,37.09024,-95.712891,United States
1431,41.8781136,-87.6297982,Chicago
1431,37.387474,-122.0575434,Silicon Valley
1431,40.7127753,-74.0059728,New York
1431,40.7127753,-74.0059728,New York
1431,39.4514938,-76.8066427,Suburbia
1431,37.09024,-95.712891,United States
1431,,,
1431,,,
1431,33.4483771,-112.0740373,Phoenix
1431,,,
1431,,,
1431,39.06005020000001,-77.462088,Equinix
1431,,,
1431,55.378051,-3.435973,United Kingdom
1431,38.7786965,-77.50452849999999,Global Food
1431,,,
1431,34.0928092,-118.3286614,Hollywood
1431,52.6292567,1.2978802,Norwich
1431,38.8339208,-77.1968182,Chough Oh & Co Pa
1431,44.4267674,26.1025384,Bucharest
1431,37.09024,-95.712891,United States
1431,,,
1431,35.4675602,-97.5164276,Oklahoma City
1431,38.9071923,-77.0368707,Washington
1431,51.340402,0.7315959999999999,Sittingbourne
1431,32.844017,-97.1430671,Bedford
1431,,,
1431,38.9071923,-77.0368707,Washington
1431,,,
1431,41.2033216,-77.1945247,Pennsylvania
1431,51.5096372,-0.1458393,Berkeley Square
1431,45.5018869,-73.56739189999999,Montreal
1431,34.0522342,-118.2436849,Los Angeles
1431,56.130366,-106.346771,Canada
1431,39.02208479999999,-77.4215175,The Reinforced Earth Company
1431,33.4941704,-111.9260519,Scottsdale
1431,40.7484405,-73.98566439999999,Empire State Building
1431,48.1351253,11.5819805,Munich
1431,37.7749295,-122.4194155,San Francisco
1431,,,
1431,39.9525839,-75.1652215,Philadelphia
1431,-33.8688197,151.2092955,Sydney
1431,27.6648274,-81.5157535,Florida
1431,-25.274398,133.775136,Australia
1431,35.5174913,-86.5804473,Tennessee
1431,,,
1431,44.8125449,20.4612299,Belgrade
1431,38.7786965,-77.50452849999999,Global Food
1431,51.5072178,-0.1275862,London
1431,56.49067119999999,-4.2026458,Scotland
1431,40.069099,45.038189,Armenia
1431,43.289509,-77.106088,Bootleggers Point
1431,37.9838096,23.7275388,Athens
1431,51.919438,19.145136,Poland
1431,34.0489281,-111.0937311,Arizona
1431,50.9105468,-1.4049018,Southampton
1431,40.2967427,-78.449737,Claysburg
1431,25.790654,-80.1300455,Miami Beach
1431,30.267153,-97.7430608,Austin
1431,60.12816100000001,18.643501,Sweden
1431,,,
1431,36.778261,-119.4179324,California
1431,-30.559482,22.937506,South Africa
1431,46.729553,-94.6858998,Minnesota
1431,4.210484,101.975766,Malaysia
1431,38.8916739,-77.464627,Global Shipping Logistics
1431,51.5072178,-0.1275862,London
1431,0.3475964,32.5825197,Kampala
1431,34.972187,138.3889005,Shizuoka Station
1431,37.09024,-95.712891,United States
1431,38.9287335,-77.069818,St. Albans School
1431,28.6139391,77.2090212,New Delhi
1431,44.0698918,22.0985086,Bor
1431,32.3182314,-86.902298,Alabama
1431,45.515232,-122.6783853,Portland
1431,36.8529263,-75.97798499999999,Virgina East Coast USA
1431,25.2048493,55.2707828,Dubai
1431,30.311908,-81.39647339999999,Neptune Beach
1431,35.2270869,-80.8431267,Charlotte
1431,39.0457549,-76.64127119999999,Maryland
1431,38.9071923,-77.0368707,Washington
1431,49.1024147,-117.8194705,RED Mountain Resort
1431,32.715738,-117.1610838,San Diego
1431,51.9244201,4.4777326,Rotterdam
1431,-37.8136276,144.9630576,Melbourne
1431,27.6648274,-81.5157535,Florida
1431,45.4064349,11.8767611,Padua
1431,30.267153,-97.7430608,Austin
1431,,,
1431,38.7870538,-77.5106278,Sky Zone Trampoline Park
1431,52.2942064,4.841993599999999,Amstelveen
1431,38.999571,-77.0266067,Wild Blue Yonder Inc
1431,48.5734053,7.752111299999999,Strasbourg
1431,,,
1431,33.748752,-84.38768449999999,Atlanta
1431,32.715738,-117.1610838,San Diego
1431,39.061967,-77.4662175,Virginia Department of Veterans Services
1431,30.267153,-97.7430608,Austin
1431,34.0522342,-118.2436849,Los Angeles
1431,,,
1431,42.3764852,-71.2356113,Waltham
1431,6.334986,5.6037465,Benin City
1431,55.6760968,12.5683372,Copenhagen
1431,32.7766642,-96.79698789999999,Dallas
1431,37.9989592,-86.1694143,Brandenburg
1431,38.64876,-77.258968,The Palace
1431,40.5795317,-74.1502007,Staten Island
1431,,,
1431,51.5072178,-0.1275862,London
1431,-31.9523123,115.861309,Perth
1431,41.6771101,-71.26620249999999,Bristol
1431,34.8028661,-86.9716741,Athens
1431,36.778261,-119.4179324,California
1431,13.7563309,100.5017651,Bangkok
1431,44.8125449,20.4612299,Belgrade
1431,38.9241478,-77.2329871,North Italia
1431,46.227638,2.213749,France
1431,34.0859829,-81.1831513,Irmo
1431,34.0522342,-118.2436849,Los Angeles
1431,-14.235004,-51.92528,Brazil
1431,36.0014258,-78.9382286,Duke University
1431,38.9756321,-76.49020949999999,The Dreaming Tree Counseling
1431,56.130366,-106.346771,Canada
1431,37.09024,-95.712891,United States
1431,39.0364944,-77.4081953,t.zone Dessert Bar
1431,33.5185892,-86.8103567,Birmingham
1431,25.9017472,-97.4974838,Brownsville
1431,41.8781136,-87.6297982,Chicago
1431,34.0928092,-118.3286614,Hollywood
1431,39.044393,-77.472548,Hair Cuttery
1431,32.912624,-96.63888329999999,Garland
1431,55.378051,-3.435973,United Kingdom
1431,39.0321745,-77.423721,Forever 21
1431,39.06005020000001,-77.462088,Equinix
1431,42.36515,-71.3608659,5 Concord Rd
1431,,,
1431,42.9336427,-72.2814372,60 Winter St
1431,37.09024,-95.712891,United States
1431,56.130366,-106.346771,Canada
1431,39.768403,-86.158068,Indianapolis
1431,40.7933949,-77.8600012,State College
1431,55.378051,-3.435973,United Kingdom
1431,38.5815719,-121.4943996,Sacramento
1431,,,
1431,39.076767,-77.6536125,Loudoun County
1431,51.5072178,-0.1275862,London
1431,30.267153,-97.7430608,Austin
1431,39.02208479999999,-77.4215175,The Reinforced Earth Company
1431,25.2048493,55.2707828,Dubai
1431,30.267153,-97.7430608,Austin
1431,42.4370374,-71.5056199,Stow
1431,,,
1431,42.8006441,-71.30422899999999,Windham
1431,30.267153,-97.7430608,Austin
1431,34.6059253,-86.9833417,Decatur
1431,55.378051,-3.435973,United Kingdom
1431,32.4488736,-97.7905758,Granbury
1431,30.267153,-97.7430608,Austin
1431,40.1873348,-74.2845906,Georgia
1431,,,
1431,41.621488,-72.7456519,Berlin
1431,43.0721661,-89.4007501,Madison
1431,32.715738,-117.1610838,San Diego
1431,43.065093,0.1491049,Bagnères-de-Bigorre
1431,30.267153,-97.7430608,Austin
1431,35.5174913,-86.5804473,Tennessee
1431,43.653226,-79.3831843,Toronto
1431,30.267153,-97.7430608,Austin
1431,43.651551,-79.3822654,EarthRenew
1431,38.9071923,-77.0368707,Washington
1431,39.6089658,-77.73268279999999,Kirkland's Home
1431,36.1626638,-86.7816016,Nashville
1431,-41.2923814,174.7787463,Wellington
1431,46.151241,14.995463,Slovenia
1431,55.864237,-4.251806,Glasgow
1431,52.4810076,-1.9003699,UK worldwide courier
1431,47.3768866,8.541694,Zürich
1431,27.9617875,-111.0370989,San Carlos Nuevo Guaymas
1431,54.5259614,15.2551187,Europe
1431,39.0185823,-77.5189089,Find Auto Parts Online
1431,51.5072178,-0.1275862,London
1431,33.9424658,-117.2296717,Moreno Valley
1431,,,
1431,,,
1431,45.6066487,-73.712409,Laval
1431,53.4185604,-2.6024405,Polaris Power HQ
1431,34.5573549,-92.28634029999999,Arkansas
1431,54.5259614,15.2551187,Europe
1431,30.0444196,31.2357116,Cairo
1431,53.38112899999999,-1.470085,Sheffield
1431,-33.8688197,151.2092955,Sydney
1431,40.2671941,-86.1349019,Indiana
1431,33.4941704,-111.9260519,Scottsdale
1431,31.9685988,-99.9018131,Texas
1431,34.0522342,-118.2436849,Los Angeles
1431,12.879721,121.774017,Philippines
1431,51.5072178,-0.1275862,London
1431,31.9685988,-99.9018131,Texas
1431,,,
1431,42.3222599,-83.17631449999999,Dearborn
1431,38.814166,-77.183399,Midwest University - Washington D.C. Campus
1431,34.6867846,-118.1541632,Lancaster
1431,32.7540766,-97.3322876,Parts Unknown
1431,20.593684,78.96288,India
1431,39.8125465,-85.17163149999999,Cambridge City
1431,29.7604267,-95.3698028,Houston
1431,52.6775873,-2.4672611,Telford
1431,50.8476424,4.3571696,Brussels
1431,39.9525839,-75.1652215,Philadelphia
1431,41.1669765,-81.2825361,Camp Razorcrest: Team Mandalore HQ
1431,38.9337221,-77.1035895,Kent
1431,56.130366,-106.346771,Canada
1431,40.7127753,-74.0059728,New York
1431,45.4642035,9.189982,Milan
1431,53.5488282,9.987170299999999,Hamburg
1431,51.5115105,-0.1069807,Carmelite House
1431,33.4941704,-111.9260519,Scottsdale
1431,40.7259269,8.5556826,Sassari
1431,6.42375,-66.58973,Venezuela
1431,30.267153,-97.7430608,Austin
1431,37.09024,-95.712891,United States
1431,25.2854473,51.53103979999999,Doha
1431,-0.789275,113.921327,Indonesia
1431,34.6687234,135.5012971,Dotonbori
1431,51.483707,-3.1680962,Cardiff
1431,30.267153,-97.7430608,Austin
1431,30.267153,-97.7430608,Austin
1431,40.7127753,-74.0059728,New York
1431,-1.2920659,36.8219462,Nairobi
1431,56.49067119999999,-4.2026458,Scotland
1431,39.9611755,-82.99879419999999,Columbus
1431,53.5460983,-113.4937266,Edmonton
1431,35.7595731,-79.01929969999999,North Carolina
1431,-4.0434771,39.6682065,Mombasa
1431,40.7127753,-74.0059728,New York
1431,37.09024,-95.712891,United States
1431,33.748752,-84.38768449999999,Atlanta
1431,32.1656221,-82.9000751,Georgia
1431,40.7127753,-74.0059728,New York
1431,55.864237,-4.251806,Glasgow
1431,51.510676,-0.1306432,Leicester Square
1431,23.6913486,85.2722472,Jharkhand
1431,29.7604267,-95.3698028,Houston
1431,49.2827291,-123.1207375,Vancouver
1431,5.6037168,-0.1869644,Accra
1431,35.6869752,-105.937799,Santa Fe
1431,30.267153,-97.7430608,Austin
1431,35.4887145,-82.98874769999999,Waynesville
1431,52.157902,-106.6701577,Saskatoon
1431,,,
1431,38.9784492,-76.4945122,EVERYWHERE Communications
1431,43.0055594,-88.8073273,Jefferson
1431,39.4637172,-76.6435817,Texas
1431,34.9495672,-81.9320482,Spartanburg
1431,,,
1431,33.5801103,-85.0766113,Carrollton
1431,7.946527,-1.023194,Ghana
1431,-25.274398,133.775136,Australia
1431,19.4326077,-99.133208,Mexico City
1431,38.7786965,-77.50452849999999,Global Food
1431,34.0522342,-118.2436849,Los Angeles
1431,37.7086941,-77.4470364,Center of the Universe Brewing Company
1431,30.1104947,-97.3152701,Bastrop
1431,,,
1431,30.267153,-97.7430608,Austin
1431,2.5574285,113.0011989,Sarawak
1431,55.378051,-3.435973,United Kingdom
1431,,,
1431,5.6037168,-0.1869644,Accra
1431,45.3003268,-122.9761317,Newberg
1431,40.7127753,-74.0059728,New York
1431,38.7770046,-77.1843626,Spieda Games (On the Second Floor)
1431,32.7766642,-96.79698789999999,Dallas
1431,34.0522342,-118.2436849,Los Angeles
1431,47.5514926,-101.0020119,North Dakota
1431,39.06111689999999,-77.4740857,Planet Fitness
1431,-31.2532183,146.921099,New South Wales
1431,-1.9440727,30.0618851,Kigali
1431,12.9715987,77.5945627,Bengaluru
1431,43.653226,-79.3831843,Toronto
1431,51.5072178,-0.1275862,London
1431,20.593684,78.96288,India
1431,,,
1431,26.7842508,82.13054729999999,FC Starboy
1431,40.7317696,-73.9841161,Nowhere
1431,55.378051,-3.435973,United Kingdom
1431,52.4750743,-1.829833,West Midlands
1431,23.634501,-102.552784,Mexico
1431,40.5860224,-73.81662589999999,Rockaway Beach
1431,-36.9847807,143.3906074,Victoria
1431,32.7554883,-97.3307658,Fort Worth
1431,,,
1431,23.634501,-102.552784,Mexico
1431,38.9288201,-77.01049139999999,Washington DC VA Medical Center
1431,29.4251905,-98.4945922,San Antonio
1431,31.9685988,-99.9018131,Texas
1431,20.593684,78.96288,India
1431,56.130366,-106.346771,Canada
1431,20.593684,78.96288,India
1431,23.634501,-102.552784,Mexico
1431,12.9715987,77.5945627,Bengaluru
1431,39.0039696,-77.4323924,Worldwide Goods
1431,38.253749,-78.458708,Planet Earth Diversified
1431,1.373333,32.290275,Uganda
1431,39.5500507,-105.7820674,Colorado
1431,38.9437297,-77.0690671,Malaysia Embassy
1431,23.634501,-102.552784,Mexico
1431,55.378051,-3.435973,United Kingdom
1431,29.4251905,-98.4945922,San Antonio
1431,39.06005020000001,-77.462088,Equinix
1431,38.2576522,-85.76283959999999,745 W Main St
1431,-25.274398,133.775136,Australia
1431,-26.2041028,28.0473051,Johannesburg
1431,44.1927153,-76.4423178,Township Of Frontenac Islands
1431,40.7127753,-74.0059728,New York
1431,44.3148443,-85.60236429999999,Michigan
1431,39.0039696,-77.4323924,Worldwide Goods
1431,-0.789275,113.921327,Indonesia
1431,12.9715987,77.5945627,Bengaluru
1431,4.210484,101.975766,Malaysia
1431,13.7563309,100.5017651,Bangkok
1431,-25.274398,133.775136,Australia
1431,40.46366700000001,-3.74922,Spain
1431,,,
1431,,,
1431,,,
1431,40.732634,-73.9893661,Ipswich Watch & Clock Shop
1431,34.0522342,-118.2436849,Los Angeles
1431,28.6139391,77.2090212,New Delhi
1431,38.5815719,-121.4943996,Sacramento
1431,39.1524396,-76.5964011,Anne Arundel County FD Station 18
1431,,,
1431,30.2841224,-81.3961338,Jacksonville Beach
1431,36.1626638,-86.7816016,Nashville
1431,,,
1431,38.963745,35.243322,Türkiye
1431,30.267153,-97.7430608,Austin
1431,37.09024,-95.712891,United States
1431,20.593684,78.96288,India
1431,,,
1431,32.8097891,-97.44276590000001,Lake Worth
1431,33.5185892,-86.8103567,Birmingham
1431,-42.8572817,147.4147648,Thylacine lutruwita
1431,30.267153,-97.7430608,Austin
1431,51.5072178,-0.1275862,London
1431,39.3681882,-76.65033799999999,Jupiter's
1431,5.7213053,-0.1348997,New Legon Rd
1431,9.081999,8.675277,Nigeria
1431,30.267153,-97.7430608,Austin
1431,39.5095556,-76.16411970000001,Aberdeen
1431,12.0021794,8.591956099999999,Kano
1431,,,
1431,,,
1431,33.0198431,-96.6988856,Plano
1431,40.7127753,-74.0059728,New York
1431,,,
1431,55.378051,-3.435973,United Kingdom
1431,46.151241,14.995463,Slovenia
1431,,,
1431,33.9472359,-118.0853451,Santa Fe Springs
1431,38.9372979,-77.09024029999999,AU Central
1431,,,
1431,,,
1431,51.5072178,-0.1275862,London
1431,31.8781368,-101.9804613,"Midland, TX 79706"
1431,-42.8826055,147.3257197,Hobart
1431,32.7766642,-96.79698789999999,Dallas
1431,,,
1431,32.7766642,-96.79698789999999,Dallas
1431,31.9685988,-99.9018131,Texas
1431,40.1094322,-78.6898004,Gravity Hill
1431,,,
1431,12.879721,121.774017,Philippines
1431,40.5748067,-76.98914529999999,Liverpool
1431,37.7159396,-121.9101221,Dublin
1431,,,
1431,40.0583238,-74.4056612,New Jersey
1431,32.715738,-117.1610838,San Diego
1431,-33.8688197,151.2092955,Sydney
1431,38.8555226,-77.1378849,Enc Enterprises
1431,38.9071923,-77.0368707,Washington
1431,19.0759837,72.8776559,Mumbai
1431,28.6691565,77.45375779999999,Ghaziabad
1431,42.7720066,-77.89667089999999,Leicester
1431,32.7540766,-97.3322876,Parts Unknown
1431,19.0759837,72.8776559,Mumbai
1431,40.7405961,-73.98476219999999,BBH Solutions
1431,35.6368759,-120.6545022,Honor Flight Central Coast California
1431,4.210484,101.975766,Malaysia
1431,28.6139391,77.2090212,New Delhi
1431,33.836081,-81.1637245,South Carolina
1431,32.5251516,-93.7501789,Shreveport
1431,37.09024,-95.712891,United States
1431,41.7483483,-87.9737943,Darien
1431,43.15657789999999,-77.6088465,Rochester
1431,35.7595731,-79.01929969999999,North Carolina
1431,,,
1431,32.1656221,-82.9000751,Georgia
1431,41.49932,-81.6943605,Cleveland
1431,38.6581746,-78.5144541,Hamburg
1431,30.505198,-97.8202888,Cedar Park
1431,-26.2041028,28.0473051,Johannesburg
1431,34.0522342,-118.2436849,Los Angeles
1431,20.593684,78.96288,India
1431,41.9027835,12.4963655,Rome
1431,,,
1431,39.8992656,-76.8524733,Nashville
1431,19.0759837,72.8776559,Mumbai
1431,52.132633,5.291265999999999,Netherlands
1431,32.7078751,-96.9209135,Dallas-Fort Worth Metropolitan Area
1431,51.5072178,-0.1275862,London
1431,41.5800945,-71.4774291,Rhode Island
1431,42.3600825,-71.0588801,Boston
1431,43.8041334,-120.5542012,Oregon
1431,34.7303688,-86.5861037,Huntsville
1431,,,
1431,38.2965209,-78.4408029,Footprints Tours and Travel
1431,,,
1431,5.6037168,-0.1869644,Accra
1431,51.5072178,-0.1275862,London
1431,55.378051,-3.435973,United Kingdom
1431,52.3555177,-1.1743197,England
1431,39.1987759,-77.2525489,Walmart Supercenter
1431,,,
1431,30.267153,-97.7430608,Austin
1431,37.09024,-95.712891,United States
1431,26.4626967,-81.7800748,Florida Gulf Coast University
1431,52.3675734,4.9041389,Amsterdam
1431,40.4172871,-82.90712300000001,Ohio
1431,37.09024,-95.712891,United States
1431,6.744785299999999,-1.6044071,Moshie zongo
1431,7.946527,-1.023194,Ghana
1431,38.9071923,-77.0368707,Washington
1431,30.4514677,-91.18714659999999,Baton Rouge
1431,30.39449,-88.974235,Coastal Mississippi
1431,,,
1431,38.0528884,-81.1039911,Fayetteville
1431,38.9580365,-77.3608452,Barcelona Wine Bar
1431,36.778261,-119.4179324,California
1431,38.9241478,-77.2329871,North Italia
1431,,,
1431,17.5229209,-91.9872616,Palenque
1431,35.5174913,-86.5804473,Tennessee
1431,38.90298689999999,-77.0350915,The Education Trust
1431,42.2254318,-71.5486562,"Hopkinton, MA 01748"
1431,53.5502095,-113.6237389,Confederacy Of Treaty Six First Nations
1431,6.622396200000001,-1.6056654,Sokoban wood village
1431,35.0526641,-78.87835849999999,Fayetteville
1431,39.0321745,-77.423721,Forever 21
1431,-27.4704528,153.0260341,Brisbane
1431,32.4487364,-99.73314390000002,Abilene
1431,-24.6282079,25.9231471,Gaborone
1431,,,
1431,19.0759837,72.8776559,Mumbai
1431,30.267153,-97.7430608,Austin
1431,38.9071923,-77.0368707,Washington
1431,6.6666004,-1.6162709,Kumasi
1431,31.9685988,-99.9018131,Texas
1431,6.6666004,-1.6162709,Kumasi
1431,19.0759837,72.8776559,Mumbai
1431,40.4167754,-3.7037902,Madrid
1431,38.870311,-77.175388,Present Restaurant
1431,19.0759837,72.8776559,Mumbai
1431,6.6666004,-1.6162709,Kumasi
1431,39.02208479999999,-77.4215175,The Reinforced Earth Company
1431,39.0185823,-77.5189089,Find Auto Parts Online
1431,-31.42008329999999,-64.1887761,Córdoba
1431,38.9071923,-77.0368707,Washington
1431,22.4256613,87.3198819,Midnapore
1431,,,
1431,,,
1431,,,
1431,32.3512601,-95.30106239999999,Tyler
1431,40.6984256,-73.9754896,Puerto Rico USA Import Inc
1431,37.09024,-95.712891,United States
1431,37.9642529,-91.8318334,Missouri
1431,37.09024,-95.712891,United States
1431,39.02208479999999,-77.4215175,The Reinforced Earth Company
1431,39.0181651,-77.2085914,Potomac
1431,7.946527,-1.023194,Ghana
1431,41.87194,12.56738,Italy
1431,,,
1431,1.352083,103.819836,Singapore
1431,14.5995124,120.9842195,Manila
1431,24.1631651,120.6746691,Taichung
1431,-22.9068467,-43.1728965,Rio de Janeiro
1431,27.950575,-82.4571776,Tampa
1431,47.2861308,-53.9877352,Port of Argentia
1431,43.7844397,-88.7878678,Wisconsin
1431,42.1629098,-71.6985546,4 Uxbridge Rd
1431,29.95106579999999,-90.0715323,New Orleans
1431,31.9685988,-99.9018131,Texas
1431,-22.9068467,-43.1728965,Rio de Janeiro
1431,6.6666004,-1.6162709,Kumasi
1431,40.7127753,-74.0059728,New York
1431,30.4124523,-107.9144836,Nuevo Casas Grandes
1431,40.4849769,-106.8317158,Steamboat Springs
1431,38.9071923,-77.0368707,Washington
1431,,,
1431,6.6666004,-1.6162709,Kumasi
1431,13.7563309,100.5017651,Bangkok
1431,,,
1431,36.7377981,-119.7871247,Fresno
1431,37.7749295,-122.4194155,San Francisco
1431,,,
1431,37.09024,-95.712891,United States
1431,32.8406946,-83.6324022,Macon
1431,5.7348119,0.0302354,Tema
1431,39.4699075,-0.3762881,Valencia
1431,40.0149856,-105.2705456,Boulder
1431,39.0152046,-77.49353409999999,In & Out Market
1431,41.1792258,-73.1894384,Bridgeport
1431,41.6032207,-73.087749,Connecticut
1431,-7.447464999999999,-35.24071500000001,RM Squad CT
1431,,,
1431,29.7604267,-95.3698028,Houston
1431,41.49932,-81.6943605,Cleveland
1431,43.653226,-79.3831843,Toronto
1431,53.4807593,-2.2426305,Manchester
1431,40.7127753,-74.0059728,New York
1431,51.5072178,-0.1275862,London
1431,,,
1431,-33.8688197,151.2092955,Sydney
1431,39.0080175,-77.48931189999999,The Home Depot
1431,41.5833688,-87.5000412,Hammond
1431,38.9241478,-77.2329871,North Italia
1431,33.4483771,-112.0740373,Phoenix
1431,27.6648274,-81.5157535,Florida
1431,54.163768,37.5649507,Tula Oblast
1431,,,
1431,44.1970055,-72.50204939999999,Barre
1431,12.879721,121.774017,Philippines
1431,38.9071923,-77.0368707,Washington
1431,,,
1431,38.9071923,-77.0368707,Washington
1431,33.9191799,-118.4164652,El Segundo
1431,,,
1431,36.171563,-115.1391009,Las Vegas
1431,37.09024,-95.712891,United States
1431,25.0329636,121.5654268,Taipei City
1431,38.9029611,-77.04857179999999,Delegation of the European Union
1431,1.352083,103.819836,Singapore
1431,33.9191799,-118.4164652,El Segundo
1431,-26.2041028,28.0473051,Johannesburg
1431,24.072643,120.6890457,鼎佑讚製冷科技（大型冷凍冷藏倉儲，組合式冷凍庫/冷藏庫，冰櫃，冰水機組，油冷卻機，箱型冷氣）
1431,23.634501,-102.552784,Mexico
1431,37.09024,-95.712891,United States
1431,-26.2041028,28.0473051,Johannesburg
1431,30.267153,-97.7430608,Austin
1431,54.7195338,-6.2072498,Antrim
1431,35.7595731,-79.01929969999999,North Carolina
1431,40.9869642,29.1319157,Ataşehir
1431,,,
1431,47.162494,19.5033041,Hungary
1431,,,
1431,,,
1431,39.02208479999999,-77.4215175,The Reinforced Earth Company
1431,,,
1431,,,
1431,52.3555177,-1.1743197,England
1431,45.764043,4.835659,Lyon
1431,51.0316593,2.8639376,Diksmuide
1431,61.52401,105.318756,Russia
1431,15.4472127,120.9352817,Sumacab Sur Barangay Hall
1431,,,
1431,51.5072178,-0.1275862,London
1431,40.7127753,-74.0059728,New York
1431,33.2020707,-89.34507029999999,McCool
1431,38.8757619,-77.00614,SOMEWHERE
1431,36.778261,-119.4179324,California
1431,38.8816208,-77.09098089999999,Arlington County
1431,41.8781136,-87.6297982,Chicago
1431,39.06005020000001,-77.462088,Equinix
1431,42.2591729,-72.57479339999999,South Hadley
1431,34.0522342,-118.2436849,Los Angeles
1431,45.3304824,-118.0961074,La Grande Family Medicine
1431,,,
1431,37.09024,-95.712891,United States
1431,30.42007079999999,-86.6170308,Fort Walton Beach
1431,34.0522342,-118.2436849,Los Angeles
1431,,,
1431,42.2059642,-71.6846237,35 Common
1431,,,
1431,40.7127753,-74.0059728,New York
1431,,,
1431,3.1319197,101.6840589,Federal Territory of Kuala Lumpur
1431,27.6648274,-81.5157535,Florida
1431,13.7563309,100.5017651,Bangkok
1431,34.0489281,-111.0937311,Arizona
1431,56.130366,-106.346771,Canada
1431,-33.8688197,151.2092955,Sydney
1431,,,
1431,42.0543449,-71.739379,Douglas
1431,31.8456816,-102.3676431,Odessa
1431,41.6488226,-0.8890853,Zaragoza
1431,19.1382514,77.3209555,Nanded
1431,38.7786965,-77.50452849999999,Global Food
1431,,,
1431,40.7127753,-74.0059728,New York
1431,-3.792845099999999,102.2607641,Bengkulu
1431,36.778261,-119.4179324,California
1431,38.9277015,-77.3451474,Hindi midi
1431,41.788489,-72.2292913,Mansfield
1431,48.5734053,7.752111299999999,Strasbourg
1431,41.0082376,28.9783589,İstanbul
1431,,,
1431,22.198745,113.543873,Macao
1431,55.9349085,23.3136823,Šiauliai
1431,36.6916183,-76.2794976,Arsenal FC Chesapeake
1431,4.8318256,-75.68056779999999,Dosquebradas
1431,20.593684,78.96288,India
1431,39.9525839,-75.1652215,Philadelphia
1431,,,
1431,34.0522342,-118.2436849,Los Angeles
1431,25.2048493,55.2707828,Dubai
1431,37.9642529,-91.8318334,Missouri
1431,39.8433769,-86.39777350000001,Brownsburg
1431,43.8553804,-102.3396912,Badlands National Park
1431,,,
1431,20.593684,78.96288,India
1431,,,
1431,40.7127753,-74.0059728,New York
1431,40.7127753,-74.0059728,New York
1431,-2.2179704,115.66283,South East Asia
1431,,,
1431,38.8762445,-77.03387560000002,National Capital Region
1431,,,
1431,41.49932,-81.6943605,Cleveland
1431,,,
1431,41.4141172,-73.3035651,Newtown
1431,39.02208479999999,-77.4215175,The Reinforced Earth Company
1431,46.818188,8.227511999999999,Switzerland
1431,40.7601567,-73.9843787,M&M'S World New York
1431,27.6648274,-81.5157535,Florida
1431,22.198745,113.543873,Macao
1431,,,
1431,34.7303688,-86.5861037,Huntsville
1431,14.5995124,120.9842195,Manila
1431,43.8553804,-102.3396912,Badlands National Park
1431,,,
1431,39.0233127,-77.3945273,Meows Corner
1431,34.0522342,-118.2436849,Los Angeles
1431,34.0522342,-118.2436849,Los Angeles
1431,,,
1431,,,
1431,,,
1431,38.7786965,-77.50452849999999,Global Food
1431,48.5734053,7.752111299999999,Strasbourg
1431,39.06005020000001,-77.462088,Equinix
1431,40.7601567,-73.9843787,M&M'S World New York
1431,,,
1431,38.8762445,-77.03387560000002,National Capital Region
1431,39.0449865,-77.4878978,Desi Taur
1431,7.873053999999999,80.77179699999999,Sri Lanka
1431,,,
1431,38.9277015,-77.3451474,Hindi midi
1431,-33.8688197,151.2092955,Sydney
1431,-3.792845099999999,102.2607641,Bengkulu
1431,4.8318256,-75.68056779999999,Dosquebradas
1431,34.0522342,-118.2436849,Los Angeles
1431,19.1382514,77.3209555,Nanded
1431,36.7417235,-88.6367154,Mayfield
1431,14.5995124,120.9842195,Manila
1431,,,
1431,41.0082376,28.9783589,İstanbul
1431,34.0522342,-118.2436849,Los Angeles
1431,13.7563309,100.5017651,Bangkok
1431,40.7127753,-74.0059728,New York
1431,41.8781136,-87.6297982,Chicago
1431,33.4255104,-111.9400054,Tempe
1431,-2.2179704,115.66283,South East Asia
1431,40.7127753,-74.0059728,New York
1431,56.130366,-106.346771,Canada
1431,,,
1431,41.4141172,-73.3035651,Newtown
1431,23.634501,-102.552784,Mexico
1431,,,
1431,55.9349085,23.3136823,Šiauliai
1431,23.684994,90.356331,Bangladesh
1431,7.873053999999999,80.77179699999999,Sri Lanka
1431,39.2943927,-76.61533759999999,Sotto Sopra
1431,20.593684,78.96288,India
1431,,,
1431,34.0522342,-118.2436849,Los Angeles
1431,46.818188,8.227511999999999,Switzerland
1431,46.8130816,-71.20745959999999,Québec City
1431,39.0449865,-77.4878978,Desi Taur
1431,7.873053999999999,80.77179699999999,Sri Lanka
1431,,,
1431,-31.42008329999999,-64.1887761,Córdoba
1431,31.8456816,-102.3676431,Odessa
1431,37.9642529,-91.8318334,Missouri
1431,39.0233127,-77.3945273,Meows Corner
1431,25.2048493,55.2707828,Dubai
1431,,,
1431,,,
1431,36.778261,-119.4179324,California
1431,20.593684,78.96288,India
1431,,,
1431,23.684994,90.356331,Bangladesh
1431,,,
1431,,,
1431,39.02208479999999,-77.4215175,The Reinforced Earth Company
1431,39.9525839,-75.1652215,Philadelphia
1431,23.634501,-102.552784,Mexico
1431,,,
1431,,,
1431,33.4255104,-111.9400054,Tempe
1431,40.7127753,-74.0059728,New York
1431,,,
1431,40.7127753,-74.0059728,New York
1431,34.0522342,-118.2436849,Los Angeles
1431,,,
1431,34.0522342,-118.2436849,Los Angeles
1431,41.49932,-81.6943605,Cleveland
1431,34.7303688,-86.5861037,Huntsville
1431,7.873053999999999,80.77179699999999,Sri Lanka
1431,,,
1431,,,
1431,-31.42008329999999,-64.1887761,Córdoba
1431,46.8130816,-71.20745959999999,Québec City
1431,39.2943927,-76.61533759999999,Sotto Sopra
1431,36.7417235,-88.6367154,Mayfield
